{
  "pairing_source": "formal_round2_baseline_physical_channels",
  "pairing_channels": {
    "delta_zz_s": [
      43.47120957876885,
      -5.990118039475453e-16
    ],
    "delta_zz_d": [
      -6.466862302353316e-08,
      1.2953226292173955e-07
    ],
    "delta_xx_s": [
      -1.7820360737854513,
      1.2994633925908852e-12
    ],
    "delta_xx_d": [
      -1.3049740214993564e-07,
      2.5302036891064664e-07
    ],
    "delta_zx_s": [
      0.0,
      0.0
    ],
    "delta_zx_d": [
      -3.5075801360800885,
      4.1074084233644336e-14
    ],
    "delta_perp_z": [
      -63.513372199351885,
      4.1920631483844906e-13
    ],
    "delta_perp_x": [
      -10.177855352139929,
      -1.7339087624688947e-14
    ]
  },
  "transport": {
    "interface_angle": 0.0,
    "barrier_z": 0.5,
    "gamma": 1.0,
    "temperature_kelvin": 3.0
  },
  "forward_summary": {
    "num_channels": 199,
    "num_input_channels": 199,
    "num_contours": 5,
    "mean_normal_transparency": 0.7999999999999998,
    "mean_mismatch_penalty": 1.0
  },
  "outputs": {
    "spectrum": "/home/liubx25/Ni_Research/Projects/RMFT-guided surrogate for pairing-and-transport AR spectra/outputs/core/round2_baseline_forward/round2_spectrum.png",
    "summary": "/home/liubx25/Ni_Research/Projects/RMFT-guided surrogate for pairing-and-transport AR spectra/outputs/core/round2_baseline_forward/round2_forward_summary.json"
  }
}