{
  "retained_channel_residual_stats": {
    "eta_z_s": {
      "max_abs": 0.0,
      "mean_abs": 0.0,
      "median_abs": 0.0,
      "p95_abs": 0.0
    },
    "eta_z_perp": {
      "max_abs": 0.0,
      "mean_abs": 0.0,
      "median_abs": 0.0,
      "p95_abs": 0.0
    },
    "eta_x_s": {
      "max_abs": 0.0,
      "mean_abs": 0.0,
      "median_abs": 0.0,
      "p95_abs": 0.0
    },
    "eta_x_d": {
      "max_abs": 0.0,
      "mean_abs": 0.0,
      "median_abs": 0.0,
      "p95_abs": 0.0
    }
  },
  "reconstruction_residual_stats": {
    "R_x_xx_A": {
      "max_abs": 5.728578676879116e-14,
      "mean_abs": 1.5565754643448676e-15,
      "median_abs": 0.0,
      "p95_abs": 7.105427357601002e-15
    },
    "R_x_xx_B": {
      "max_abs": 4.135953406584883,
      "mean_abs": 0.1105784515036991,
      "median_abs": 1.0652971752473897e-14,
      "p95_abs": 0.05478247962267947
    },
    "R_y_xx_A": {
      "max_abs": 5.687116766346677e-14,
      "mean_abs": 1.5782342619641704e-15,
      "median_abs": 0.0,
      "p95_abs": 7.105427357601002e-15
    },
    "R_y_xx_B": {
      "max_abs": 4.147004351129855,
      "mean_abs": 0.11063703616023668,
      "median_abs": 8.658355733730682e-15,
      "p95_abs": 0.05561166666175732
    },
    "R_x_zz_A": {
      "max_abs": 69.9803500591014,
      "mean_abs": 6.084260870666347,
      "median_abs": 0.0025697100384455534,
      "p95_abs": 40.7440388608407
    },
    "R_x_zz_B": {
      "max_abs": 69.98035009150031,
      "mean_abs": 6.084482533467631,
      "median_abs": 0.003626916519279857,
      "p95_abs": 40.744038860841414
    },
    "R_y_zz_A": {
      "max_abs": 69.9803500591014,
      "mean_abs": 6.084260870666347,
      "median_abs": 0.0025697100384455534,
      "p95_abs": 40.7440388608407
    },
    "R_y_zz_B": {
      "max_abs": 69.9803500266029,
      "mean_abs": 6.084415304004092,
      "median_abs": 0.00329582538965978,
      "p95_abs": 40.74403886083979
    },
    "R_z_perp_02": {
      "max_abs": 2.847716647714797e-14,
      "mean_abs": 9.673336056018991e-16,
      "median_abs": 0.0,
      "p95_abs": 7.105427357601002e-15
    },
    "R_z_perp_20": {
      "max_abs": 2.842170943040401e-14,
      "mean_abs": 9.80727769877616e-16,
      "median_abs": 6.938893903907228e-18,
      "p95_abs": 7.105427357601002e-15
    }
  },
  "omitted_channel_stats": {
    "z_sector_d_like_omitted": {
      "max_abs": 69.9803500591014,
      "mean_abs": 6.084260870666347,
      "median_abs": 0.0025697100384455534,
      "p95_abs": 40.7440388608407
    },
    "x_perp_candidate": {
      "max_abs": 20.101615327495637,
      "mean_abs": 5.407646720631431,
      "median_abs": 2.7573073946424844,
      "p95_abs": 17.148366768806397
    },
    "zx_d_candidate_aggregate": {
      "max_abs": 12.664953375150832,
      "mean_abs": 2.4216216735657645,
      "median_abs": 0.9599594171320052,
      "p95_abs": 9.698319914807874
    }
  },
  "candidate_hidden_channel_scan": {
    "delta_x_sym_01": {
      "max_abs": 12.664952851024434,
      "mean_abs": 2.9919953588482127,
      "median_abs": 1.9444529778907687,
      "p95_abs": 10.214265642994516
    },
    "delta_x_sym_23": {
      "max_abs": 12.664952850746177,
      "mean_abs": 2.991981557487411,
      "median_abs": 1.9444529778907604,
      "p95_abs": 10.214265648560804
    },
    "delta_y_sym_01": {
      "max_abs": 12.664953924347158,
      "mean_abs": 3.1783878283919975,
      "median_abs": 2.1998905662789863,
      "p95_abs": 10.214131967445812
    },
    "delta_y_sym_23": {
      "max_abs": 12.66495392462295,
      "mean_abs": 3.178379594051874,
      "median_abs": 2.199890566278989,
      "p95_abs": 10.214131961789656
    },
    "delta_z_sym_01": {
      "max_abs": 12.345584045369533,
      "mean_abs": 0.9755268256923129,
      "median_abs": 0.0012906573689727722,
      "p95_abs": 6.0886306654172735
    },
    "delta_z_sym_23": {
      "max_abs": 12.345584046240754,
      "mean_abs": 0.9755297549205875,
      "median_abs": 0.0012906279866417216,
      "p95_abs": 6.088630665543927
    },
    "delta_z_sym_03": {
      "max_abs": 42.134367273666186,
      "mean_abs": 4.964703930687861,
      "median_abs": 0.0019457986342372691,
      "p95_abs": 31.86432345478986
    },
    "delta_z_sym_12": {
      "max_abs": 42.13436727209372,
      "mean_abs": 4.9646995588116,
      "median_abs": 0.0019457986342374032,
      "p95_abs": 31.86432345478986
    }
  },
  "zx_d_reasonable_source_analogues": {
    "delta_x_sym_01": {
      "max_abs": 12.664952851024434,
      "mean_abs": 2.9919953588482127,
      "median_abs": 1.9444529778907687,
      "p95_abs": 10.214265642994516
    },
    "delta_x_sym_23": {
      "max_abs": 12.664952850746177,
      "mean_abs": 2.991981557487411,
      "median_abs": 1.9444529778907604,
      "p95_abs": 10.214265648560804
    },
    "delta_y_sym_01": {
      "max_abs": 12.664953924347158,
      "mean_abs": 3.1783878283919975,
      "median_abs": 2.1998905662789863,
      "p95_abs": 10.214131967445812
    },
    "delta_y_sym_23": {
      "max_abs": 12.66495392462295,
      "mean_abs": 3.178379594051874,
      "median_abs": 2.199890566278989,
      "p95_abs": 10.214131961789656
    }
  },
  "retained_ratio_stats": {
    "retained_ratio_x": {
      "min": 5.817480588554691e-05,
      "max": 0.9999999999996961,
      "mean": 0.33725799189953815,
      "median": 0.2854890460944062,
      "p05": 0.09280088309411809,
      "p95": 0.7887344659585047
    },
    "retained_ratio_y": {
      "min": -0.039201048931330806,
      "max": 0.9999999999996949,
      "mean": 0.3362864181583188,
      "median": 0.2859726661595262,
      "p05": 0.0937134970517851,
      "p95": 0.7604774077203104
    },
    "retained_ratio_z": {
      "min": 0.0,
      "max": 0.999998830363621,
      "mean": 0.355449405149944,
      "median": 0.386306683907927,
      "p05": 1.5634400334363364e-07,
      "p95": 0.6165304897878027
    },
    "retained_ratio_total": {
      "min": 0.19236372200822027,
      "max": 0.999999802707986,
      "mean": 0.406430963693515,
      "median": 0.34670871724588614,
      "p05": 0.2668565779734109,
      "p95": 0.7340328075622032
    },
    "omitted_fraction_total": {
      "min": 1.9729201397617266e-07,
      "max": 0.8076362779917797,
      "mean": 0.5935690363064849,
      "median": 0.6532912827541139,
      "p05": 0.2659671924377966,
      "p95": 0.7331434220265891
    }
  },
  "norm_stats": {
    "source_norm_total": {
      "min": 0.08445626026876017,
      "max": 791.200839616699,
      "mean": 144.43256671485364,
      "median": 112.32030641795596,
      "p05": 0.97219236055067,
      "p95": 527.5893528729108
    },
    "recon_norm_total": {
      "min": 0.06481426782049192,
      "max": 743.3156926747289,
      "mean": 123.76256127043531,
      "median": 88.67330645766324,
      "p05": 0.6777919534935858,
      "p95": 499.88959839753517
    },
    "residual_norm_total": {
      "min": 0.0001356001133293563,
      "max": 271.1285704798343,
      "mean": 68.4763753348128,
      "median": 59.27361303524721,
      "p05": 0.6976309021425329,
      "p95": 173.2271657870564
    }
  },
  "figure_level_consistency_stats": {
    "two_eta_x_s_vs_dx_plus_dy_11": {
      "max_abs": 0.0,
      "mean_abs": 0.0,
      "median_abs": 0.0,
      "p95_abs": 0.0
    },
    "two_eta_x_d_vs_dx_minus_dy_11": {
      "max_abs": 0.0,
      "mean_abs": 0.0,
      "median_abs": 0.0,
      "p95_abs": 0.0
    },
    "two_eta_z_s_vs_dx_plus_dy_00": {
      "max_abs": 0.0,
      "mean_abs": 0.0,
      "median_abs": 0.0,
      "p95_abs": 0.0
    },
    "eta_z_perp_vs_dz_02": {
      "max_abs": 2.847716647714797e-14,
      "mean_abs": 9.673336056018991e-16,
      "median_abs": 0.0,
      "p95_abs": 7.105427357601002e-15
    }
  },
  "final_textual_verdict": {
    "projection_implementation_correct": "Yes. The current luo_projection.py implementation matches its design formulas, and retained-channel residuals are at machine-precision scale.",