{
  "selection_rule": "temperature sweep RMFT pairing data, charge-balanced p\u22480 branch, temperature_eV <= 1.0e-3, first 8 samples sorted by temperature",
  "num_samples": 8,
  "sample_ids": [
    "pams_figT_J0.09_0.18_0_0_0_0_p0_0_complex_T0_0.012_96::0",
    "pams_figT_J0.09_0.18_0_0_0_0_p0_0_complex_T0_0.012_96::1",
    "pams_figT_J0.09_0.18_0_0_0_0_p0_0_complex_T0_0.012_96::2",
    "pams_figT_J0.09_0.18_0_0_0_0_p0_0_complex_T0_0.012_96::3",
    "pams_figT_J0.09_0.18_0_0_0_0_p0_0_complex_T0_0.012_96::4",
    "pams_figT_J0.09_0.18_0_0_0_0_p0_0_complex_T0_0.012_96::5",
    "pams_figT_J0.09_0.18_0_0_0_0_p0_0_complex_T0_0.012_96::6",
    "pams_figT_J0.09_0.18_0_0_0_0_p0_0_complex_T0_0.012_96::7"
  ],
  "temperature_range_eV": {
    "min": 0.0,
    "max": 0.0008842105263157894
  },
  "pairing_channels": {
    "delta_zz_s": {
      "re": 43.47120957876885,
      "im": -5.990118039475453e-16
    },
    "delta_zz_d": {
      "re": -6.466862302353316e-08,
      "im": 1.2953226292173955e-07
    },
    "delta_xx_s": {
      "re": -1.7820360737854513,
      "im": 1.2994633925908852e-12
    },
    "delta_xx_d": {
      "re": -1.3049740214993564e-07,
      "im": 2.5302036891064664e-07
    },
    "delta_zx_s": {
      "re": -3.310565371463973e-11,
      "im": 2.4160609657083637e-09
    },
    "delta_zx_d": {
      "re": -3.5075801360800885,
      "im": 4.1074084233644336e-14
    },
    "delta_perp_z": {
      "re": -63.513372199351885,
      "im": 4.1920631483844906e-13
    },
    "delta_perp_x": {
      "re": -10.177855352139929,
      "im": -1.7339087624688947e-14
    }
  },
  "channel_spread_about_median": {
    "delta_zz_s": {
      "max_abs": 0.011297605663855848,
      "mean_abs": 0.0036154496269666936,
      "median_abs": 0.002485384837058291,
      "p95_abs": 0.009575524848274595
    },
    "delta_zz_d": {
      "max_abs": 1.5105664871868925e-08,
      "mean_abs": 6.70946682059902e-09,
      "median_abs": 6.3784915517079605e-09,
      "p95_abs": 1.3287614129945145e-08
    },
    "delta_xx_s": {
      "max_abs": 0.010432499822376817,
      "mean_abs": 0.005974168914305994,
      "median_abs": 0.006361368286748825,
      "p95_abs": 0.009809198201008795
    },
    "delta_xx_d": {
      "max_abs": 3.031625608753327e-08,
      "mean_abs": 1.3571128154518194e-08,
      "median_abs": 1.2962504453269617e-08,
      "p95_abs": 2.6686893821160357e-08
    },
    "delta_zx_s": {
      "max_abs": 1.1203048190693885e-10,
      "mean_abs": 4.079521951569653e-11,
      "median_abs": 2.1182486706455627e-11,
      "p95_abs": 1.0813580861927314e-10
    },
    "delta_zx_d": {
      "max_abs": 0.019423066680906764,
      "mean_abs": 0.005681210228696887,
      "median_abs": 0.003303103299058252,
      "p95_abs": 0.016228234077514208
    },
    "delta_perp_z": {
      "max_abs": 0.031436960229477506,
      "mean_abs": 0.009347510083828503,
      "median_abs": 0.005520283285644467,
      "p95_abs": 0.026330707400710897
    },
    "delta_perp_x": {
      "max_abs": 0.06020124692132178,
      "mean_abs": 0.025126003399416286,
      "median_abs": 0.022903101546346782,
      "p95_abs": 0.05278846072059079
    }
  }
}