{
  "num_samples": 11833,
  "config": {
    "block_weights": {
      "delta_x": 1.0,
      "delta_y": 1.0,
      "delta_z": 1.15
    },
    "channel_regularization": {
      "delta_zz_s": 0.0001,
      "delta_zz_d": 0.0002,
      "delta_xx_s": 0.0001,
      "delta_xx_d": 0.0001,
      "delta_zx_s": 0.005,
      "delta_zx_d": 0.00075,
      "delta_perp_z": 0.0001,
      "delta_perp_x": 0.00075
    },
    "core_channels": [
      "delta_zz_s",
      "delta_zz_d",
      "delta_xx_s",
      "delta_xx_d",
      "delta_zx_d",
      "delta_perp_z",
      "delta_perp_x"
    ],
    "optional_channels": [
      "delta_zx_s"
    ],
    "gauge_anchor_priority": [
      "delta_zz_s",
      "delta_zz_d",
      "delta_xx_s",
      "delta_xx_d",
      "delta_zx_d",
      "delta_perp_z",
      "delta_perp_x",
      "delta_zx_s"
    ],
    "gauge_min_anchor_abs": 1e-10
  },
  "block_residual_summary": {
    "delta_x": {
      "residual_norm": {
        "min": 0.012000766976638207,
        "max": 109.29169296897344,
        "mean": 33.91089668592829,
        "median": 25.724197387198252,
        "p05": 0.3235583838840657,
        "p95": 85.1881529441188
      },
      "retained_ratio": {
        "min": 0.010648994030231562,
        "max": 0.9999750006249842,
        "mean": 0.3761907923677993,
        "median": 0.29370560997609985,
        "p05": 0.1501506120807007,
        "p95": 0.8454944361848262
      },
      "supported_residual_norm": {
        "min": 7.48143533003184e-07,
        "max": 2.924785878372473,
        "mean": 0.08011426315755496,
        "median": 0.0014146682208526792,
        "p05": 1.0054891328329069e-05,
        "p95": 0.04071787893058077
      },
      "unsupported_residual_norm": {
        "min": 1.458544784897334e-10,
        "max": 109.29168868943172,
        "mean": 33.89412257164255,
        "median": 25.724197378500804,
        "p05": 0.3114447026126869,
        "p95": 85.17566347070944
      }
    },
    "delta_y": {
      "residual_norm": {
        "min": 0.011950351497091822,
        "max": 114.22653085768629,
        "mean": 35.33188828578528,
        "median": 27.162140280712848,
        "p05": 0.3528143031077727,
        "p95": 89.57904871879859
      },
      "retained_ratio": {
        "min": 0.00842892918104976,
        "max": 0.9999750006249845,
        "mean": 0.3730703441019563,
        "median": 0.29403500514865033,
        "p05": 0.14924173493649878,
        "p95": 0.8165776380356229
      },
      "supported_residual_norm": {
        "min": 7.481435330031994e-07,
        "max": 2.9325593539758232,
        "mean": 0.08021032327175391,
        "median": 0.001427381457487791,
        "p05": 1.0618153523457421e-05,
        "p95": 0.0415290942175316
      },
      "unsupported_residual_norm": {
        "min": 1.458580626982971e-10,
        "max": 114.22189034691301,
        "mean": 35.319906724956105,
        "median": 27.162140271537154,
        "p05": 0.3391889165731041,
        "p95": 89.57904763021128
      }
    },
    "delta_z": {
      "residual_norm": {
        "min": 0.0050421942497896905,
        "max": 264.63215924433604,
        "mean": 39.128246935292395,
        "median": 33.546271145696025,
        "p05": 0.40073535757791856,
        "p95": 90.69786977276235
      },
      "retained_ratio": {
        "min": 0.0,
        "max": 0.9999565078990025,
        "mean": 0.37126840898039526,
        "median": 0.40640872832021935,
        "p05": 1.6902327011347755e-07,
        "p95": 0.6420367050322007
      },
      "supported_residual_norm": {
        "min": 4.653654138718994e-12,
        "max": 0.013045594821252534,
        "mean": 0.00360678705711047,
        "median": 0.002568623505498208,
        "p05": 1.0800401294941508e-06,
        "p95": 0.010012116180949772
      },
      "unsupported_residual_norm": {
        "min": 0.00013560011332919945,
        "max": 264.6321589227811,
        "mean": 39.12824405309025,
        "median": 33.54627073470633,
        "p05": 0.400735353874985,
        "p95": 90.69786913377051
      }
    }
  },
  "channel_group_residual_summary": {
    "zz": {
      "min": 0.0,
      "max": 0.06241413402888712,
      "mean": 0.0011142782354256907,
      "median": 8.591243061130758e-05,
      "p05": 0.0,
      "p95": 0.0034847161332968086
    },
    "xx": {
      "min": 0.0,
      "max": 2.93239441498551,
      "mean": 0.05258221279164801,
      "median": 1.0898910127315727e-05,
      "p05": 0.0,
      "p95": 0.007850308042681296
    },
    "zx": {
      "min": 0.0,
      "max": 0.04606340216315048,
      "mean": 0.001258223049575056,
      "median": 8.035407194787021e-05,
      "p05": 0.0,
      "p95": 0.006194761602111904
    },
    "perp": {
      "min": 0.0,
      "max": 0.013045594821252534,
      "mean": 0.0012022623523701569,
      "median": 0.0,
      "p05": 0.0,
      "p95": 0.008187723304590302
    },
    "other": {
      "min": 1.458544784897334e-10,
      "max": 264.6321589227811,
      "mean": 36.114091116562975,
      "median": 28.524263298984984,
      "p05": 0.35109661001123676,
      "p95": 88.5561664157594
    }
  },
  "aggregate_entry_hotspots": {
    "delta_x": [
      {
        "entry": [
          0,
          2
        ],
        "mean_abs": 19.034019499783483,
        "median_abs": 11.201775594551437,
        "p95_abs": 52.75683162761507,
        "group": "other"
      },
      {
        "entry": [
          2,
          0
        ],
        "mean_abs": 19.034019499783483,
        "median_abs": 11.201775594551439,
        "p95_abs": 52.75683162761507,
        "group": "other"
      },
      {
        "entry": [
          1,
          3
        ],
        "mean_abs": 7.230258274184037,
        "median_abs": 3.08657551210407,
        "p95_abs": 35.723992641544534,
        "group": "other"
      },
      {
        "entry": [
          3,
          1
        ],
        "mean_abs": 7.2302582741840355,
        "median_abs": 3.086575512104072,
        "p95_abs": 35.723992641544534,
        "group": "other"
      },
      {
        "entry": [
          0,
          3
        ],
        "mean_abs": 5.322606026294194,
        "median_abs": 2.9049270201728206,
        "p95_abs": 18.49827623555322,
        "group": "other"
      },
      {
        "entry": [
          3,
          0
        ],
        "mean_abs": 5.322606026294194,
        "median_abs": 2.9049270201728206,
        "p95_abs": 18.49827623555322,
        "group": "other"
      },
      {
        "entry": [
          1,
          2
        ],
        "mean_abs": 5.322604529961287,
        "median_abs": 2.904927020172957,
        "p95_abs": 18.498276235553224,
        "group": "other"
      },
      {
        "entry": [
          2,
          1
        ],
        "mean_abs": 5.322604529961287,
        "median_abs": 2.9049270201729587,
        "p95_abs": 18.498276235553224,
        "group": "other"
      }
    ],
    "delta_y": [
      {
        "entry": [
          0,
          2
        ],
        "mean_abs": 20.218195766615963,
        "median_abs": 12.36689405432521,
        "p95_abs": 54.611705029750766,
        "group": "other"
      },
      {
        "entry": [
          2,
          0
        ],
        "mean_abs": 20.218195766615963,
        "median_abs": 12.36689405432521,
        "p95_abs": 54.611705029750766,
        "group": "other"
      },
      {
        "entry": [
          1,
          3
        ],
        "mean_abs": 7.2744771050083425,
        "median_abs": 3.1102801992988787,
        "p95_abs": 35.50128342934775,
        "group": "other"
      },
      {
        "entry": [
          3,
          1
        ],
        "mean_abs": 7.274477105008341,
        "median_abs": 3.1102801992988787,
        "p95_abs": 35.50128342934775,
        "group": "other"
      },
      {
        "entry": [
          0,
          3
        ],
        "mean_abs": 5.633424837884505,
        "median_abs": 3.800722131052929,
        "p95_abs": 18.498276271975456,