{
  "num_samples": 11833,
  "metric_definition": {
    "retained_ratio_total": "1 - residual_norm_total / source_norm_total",
    "retained_ratio_x_y_z": "1 - residual_norm_block / source_norm_block",
    "omitted_fraction_total": "residual_norm_total / source_norm_total",
    "residual_norm_total": "sqrt(residual_x^2 + residual_y^2 + residual_z^2) with Frobenius block norms"
  },
  "round1_retained_ratio_total": {
    "min": 0.19236372200822027,
    "max": 0.999999802707986,
    "mean": 0.406430963693515,
    "median": 0.34670871724588614,
    "p05": 0.2668565779734109,
    "p95": 0.7340328075622032
  },
  "round2_retained_ratio_total": {
    "min": 0.26240465021378545,
    "max": 0.9999741335559994,
    "mean": 0.43685476702534615,
    "median": 0.36607361367472413,
    "p05": 0.3085571408431032,
    "p95": 0.7658346683654312
  },
  "retained_ratio_improvement": {
    "min": -2.566915198665143e-05,
    "max": 0.12186883184979935,
    "mean": 0.030423803331831093,
    "median": 0.021674821882835316,
    "p05": 0.0058330500974280945,
    "p95": 0.07393986873474614
  },
  "round1_residual_norm_total": {
    "min": 0.0001356001133293563,
    "max": 271.1285704798343,
    "mean": 68.4763753348128,
    "median": 59.27361303524721,
    "p05": 0.6976309021425329,
    "p95": 173.2271657870564
  },
  "round2_residual_norm_total": {
    "min": 0.017778178990749703,
    "max": 271.1008261597457,
    "mean": 63.9924610906495,
    "median": 54.63856967656513,
    "p05": 0.6626229368948962,
    "p95": 152.03659601087685
  },
  "residual_norm_reduction": {
    "min": -0.017642578877420347,
    "max": 53.886020469985795,
    "mean": 4.48391424416331,
    "median": 1.367619790788158,
    "p05": 0.028989352868109643,
    "p95": 21.60756309986581
  },
  "round1_omitted_fraction_total": {
    "min": 1.9729201397617266e-07,
    "max": 0.8076362779917797,
    "mean": 0.5935690363064849,
    "median": 0.6532912827541139,
    "p05": 0.2659671924377966,
    "p95": 0.7331434220265891
  },
  "round2_omitted_fraction_total": {
    "min": 2.5866444000637478e-05,
    "max": 0.7375953497862145,
    "mean": 0.5631452329746538,
    "median": 0.6339263863252759,
    "p05": 0.23416533163456832,
    "p95": 0.6914428591568968
  },
  "omitted_fraction_reduction": {
    "min": -2.5669151986661305e-05,
    "max": 0.12186883184979935,
    "mean": 0.030423803331831093,
    "median": 0.021674821882835316,
    "p05": 0.005833050097428028,
    "p95": 0.07393986873474621
  },
  "verdict": "Round-2 physical channels improve source reconstruction relative to round 1."
}