{
  "num_samples": 11833,
  "channel_magnitude_stats": {
    "delta_zz_s": {
      "max_abs": 66.48986871988114,
      "mean_abs": 18.47806010412617,
      "median_abs": 8.651744354869283,
      "p95_abs": 55.79523944036508
    },
    "delta_zz_d": {
      "max_abs": 69.9803500589413,
      "mean_abs": 6.0842722797208495,
      "median_abs": 0.0025697013999641267,
      "p95_abs": 40.744038860840654
    },
    "delta_xx_s": {
      "max_abs": 11.917873754238204,
      "mean_abs": 0.8930976890260638,
      "median_abs": 0.3527043454435847,
      "p95_abs": 3.332403968746011
    },
    "delta_xx_d": {
      "max_abs": 338.72818697345406,
      "mean_abs": 34.068815705508456,
      "median_abs": 0.0060248328723185845,
      "p95_abs": 241.6987382962197
    },
    "delta_zx_s": {
      "max_abs": 12.656205198541413,
      "mean_abs": 0.8202752419795807,
      "median_abs": 0.00011377949642396926,
      "p95_abs": 5.126288937769587
    },
    "delta_zx_d": {
      "max_abs": 12.66495337515083,
      "mean_abs": 2.421621673565765,
      "median_abs": 0.9599594171320067,
      "p95_abs": 9.698319914807874
    },
    "delta_perp_z": {
      "max_abs": 212.175681569109,
      "mean_abs": 39.75071012502621,
      "median_abs": 28.184307558253806,
      "p95_abs": 108.24491215644186
    },
    "delta_perp_x": {
      "max_abs": 20.101615327495637,
      "mean_abs": 5.407646720631431,
      "median_abs": 2.7573073946424844,
      "p95_abs": 17.148366768806394
    }
  },
  "round2_retained_ratio_total": {
    "min": 0.26310623368884134,
    "max": 0.999999802707986,
    "mean": 0.4377556258008141,
    "median": 0.3663039889206554,
    "p05": 0.3086953742220256,
    "p95": 0.7669598716431865
  },
  "round2_residual_norm_total": {
    "min": 0.0001356001133293563,
    "max": 271.1008252657217,
    "mean": 63.835064518057926,
    "median": 54.488659399173265,
    "p05": 0.6616332069634668,
    "p95": 151.21857586366056
  },
  "round2_omitted_fraction_total": {
    "min": 1.9729201397617266e-07,
    "max": 0.7368937663111587,
    "mean": 0.5622443741991858,
    "median": 0.6336960110793446,
    "p05": 0.23304012835681326,
    "p95": 0.6913046257779744
  }
}