{
  "num_samples": 11833,
  "round1_retained_ratio_total": {
    "min": 0.19236372200822027,
    "max": 0.999999802707986,
    "mean": 0.406430963693515,
    "median": 0.34670871724588614,
    "p05": 0.2668565779734109,
    "p95": 0.7340328075622032
  },
  "round2_retained_ratio_total": {
    "min": 0.26310623368884134,
    "max": 0.999999802707986,
    "mean": 0.4377556258008141,
    "median": 0.3663039889206554,
    "p05": 0.3086953742220256,
    "p95": 0.7669598716431865
  },
  "retained_ratio_improvement": {
    "min": 0.0,
    "max": 0.12887624785413776,
    "mean": 0.03132466210729906,
    "median": 0.021717297688971904,
    "p05": 0.005834290082052385,
    "p95": 0.0760620777888616
  },
  "round1_residual_norm_total": {
    "min": 0.0001356001133293563,
    "max": 271.1285704798343,
    "mean": 68.4763753348128,
    "median": 59.27361303524721,
    "p05": 0.6976309021425329,
    "p95": 173.2271657870564
  },
  "round2_residual_norm_total": {
    "min": 0.0001356001133293563,
    "max": 271.1008252657217,
    "mean": 63.835064518057926,
    "median": 54.488659399173265,
    "p05": 0.6616332069634668,
    "p95": 151.21857586366056
  },
  "residual_norm_reduction": {
    "min": 0.0,
    "max": 57.10059916737393,
    "mean": 4.6413108167548724,
    "median": 1.3765845610458314,
    "p05": 0.02924433751393667,
    "p95": 22.095758758102892
  },
  "round1_omitted_fraction_total": {
    "min": 1.9729201397617266e-07,
    "max": 0.8076362779917797,
    "mean": 0.5935690363064849,
    "median": 0.6532912827541139,
    "p05": 0.2659671924377966,
    "p95": 0.7331434220265891
  },
  "round2_omitted_fraction_total": {
    "min": 1.9729201397617266e-07,
    "max": 0.7368937663111587,
    "mean": 0.5622443741991858,
    "median": 0.6336960110793446,
    "p05": 0.23304012835681326,
    "p95": 0.6913046257779744
  },
  "omitted_fraction_reduction": {
    "min": 0.0,
    "max": 0.12887624785413776,
    "mean": 0.031324662107299055,
    "median": 0.021717297688971904,
    "p05": 0.005834290082052362,
    "p95": 0.07606207778886158
  },
  "verdict": "Round-2 physical channels improve source reconstruction relative to round 1."
}