{
  "num_samples": 11833,
  "metric_definition": {
    "retained_ratio_total": "1 - residual_norm_total / source_norm_total",
    "retained_ratio_x_y_z": "1 - residual_norm_block / source_norm_block",
    "omitted_fraction_total": "residual_norm_total / source_norm_total",
    "residual_norm_total": "sqrt(residual_x^2 + residual_y^2 + residual_z^2) with Frobenius block norms"
  },
  "round1_retained_ratio_total": {
    "min": 0.19236372200822027,
    "max": 0.999999802707986,
    "mean": 0.406430963693515,
    "median": 0.34670871724588614,
    "p05": 0.2668565779734109,
    "p95": 0.7340328075622032
  },
  "round2_retained_ratio_total": {
    "min": 0.2631062300399669,
    "max": 0.9999742899580328,
    "mean": 0.43775562058810047,
    "median": 0.3663039873777887,
    "p05": 0.3086953720758616,
    "p95": 0.7669598693804053
  },
  "retained_ratio_improvement": {
    "min": -2.5512749953215952e-05,
    "max": 0.12887624314849,
    "mean": 0.0313246568945855,
    "median": 0.021717295284400362,
    "p05": 0.005834287634735568,
    "p95": 0.07606207526375482
  },
  "round1_residual_norm_total": {
    "min": 0.0001356001133293563,
    "max": 271.1285704798343,
    "mean": 68.4763753348128,
    "median": 59.27361303524721,
    "p05": 0.6976309021425329,
    "p95": 173.2271657870564
  },
  "round2_residual_norm_total": {
    "min": 0.01767068283299282,
    "max": 271.10082611266563,
    "mean": 63.83506650172896,
    "median": 54.48865949773044,
    "p05": 0.6616332091881175,
    "p95": 151.218576954481
  },
  "residual_norm_reduction": {
    "min": -0.017535082719663465,
    "max": 57.10059705215656,
    "mean": 4.641308833083837,
    "median": 1.3765843514126885,
    "p05": 0.029244333115217593,
    "p95": 22.09575780990551
  },
  "round1_omitted_fraction_total": {
    "min": 1.9729201397617266e-07,
    "max": 0.8076362779917797,
    "mean": 0.5935690363064849,
    "median": 0.6532912827541139,
    "p05": 0.2659671924377966,
    "p95": 0.7331434220265891
  },
  "round2_omitted_fraction_total": {
    "min": 2.5710041967203746e-05,
    "max": 0.7368937699600331,
    "mean": 0.5622443794118994,
    "median": 0.6336960126222113,
    "p05": 0.2330401306195945,
    "p95": 0.6913046279241384
  },
  "omitted_fraction_reduction": {
    "min": -2.5512749953227573e-05,
    "max": 0.12887624314849,
    "mean": 0.0313246568945855,
    "median": 0.021717295284400362,
    "p05": 0.005834287634735558,
    "p95": 0.07606207526375475
  },
  "verdict": "Round-2 physical channels improve source reconstruction relative to round 1."
}