{
  "record_role": "authoritative_formal_round2_baseline",
  "authoritative_record_path": "/home/liubx25/Ni_Research/Projects/RMFT-guided surrogate for pairing-and-transport AR spectra/outputs/source/round2_baseline_selection.json",
  "selection_rule": "temperature sweep RMFT pairing data, charge-balanced p\u22480 branch, temperature_eV <= 1.0e-3, first 8 samples sorted by temperature",
  "generation_method": "source-side default round-2 projection, componentwise complex median",
  "weak_channel_policy": {
    "channel": "delta_zx_s",
    "default_task_c_freeze_applied": true,
    "default_value": {
      "re": 0.0,
      "im": 0.0
    }
  },
  "num_samples": 8,
  "sample_ids": [
    "pams_figT_J0.09_0.18_0_0_0_0_p0_0_complex_T0_0.012_96::0",
    "pams_figT_J0.09_0.18_0_0_0_0_p0_0_complex_T0_0.012_96::1",
    "pams_figT_J0.09_0.18_0_0_0_0_p0_0_complex_T0_0.012_96::2",
    "pams_figT_J0.09_0.18_0_0_0_0_p0_0_complex_T0_0.012_96::3",
    "pams_figT_J0.09_0.18_0_0_0_0_p0_0_complex_T0_0.012_96::4",
    "pams_figT_J0.09_0.18_0_0_0_0_p0_0_complex_T0_0.012_96::5",
    "pams_figT_J0.09_0.18_0_0_0_0_p0_0_complex_T0_0.012_96::6",
    "pams_figT_J0.09_0.18_0_0_0_0_p0_0_complex_T0_0.012_96::7"
  ],
  "temperature_range_eV": {
    "min": 0.0,
    "max": 0.0008842105263157894
  },
  "pairing_channels": {
    "delta_zz_s": {
      "re": 43.47120957876886,
      "im": -5.990118039475454e-16
    },
    "delta_zz_d": {
      "re": -6.466862302353315e-08,
      "im": 1.2953226292173953e-07
    },
    "delta_xx_s": {
      "re": -1.7820360737854517,
      "im": 1.2994633925908852e-12
    },
    "delta_xx_d": {
      "re": -1.3049740214993564e-07,
      "im": 2.5302036891064664e-07
    },
    "delta_zx_s": {
      "re": 0.0,
      "im": 0.0
    },
    "delta_zx_d": {
      "re": -3.5075801360800885,
      "im": 4.107408423357123e-14
    },
    "delta_perp_z": {
      "re": -63.5131723333877,
      "im": 4.192049956675495e-13
    },
    "delta_perp_x": {
      "re": -10.177615214844032,
      "im": -1.733867852682211e-14
    }
  },
  "channel_spread_about_median": {
    "delta_zz_s": {
      "max_abs": 0.011297605663855848,
      "mean_abs": 0.0036154496269666936,
      "median_abs": 0.002485384837058291,
      "p95_abs": 0.009575524848274595
    },
    "delta_zz_d": {
      "max_abs": 1.5105664871868905e-08,
      "mean_abs": 6.7094668205990114e-09,
      "median_abs": 6.378491551707957e-09,
      "p95_abs": 1.3287614129945125e-08
    },
    "delta_xx_s": {
      "max_abs": 0.010432499822376373,
      "mean_abs": 0.005974168914305966,
      "median_abs": 0.006361368286748825,
      "p95_abs": 0.009809198201008583
    },
    "delta_xx_d": {
      "max_abs": 3.0316256087533285e-08,
      "mean_abs": 1.3571128154518203e-08,
      "median_abs": 1.2962504453269633e-08,
      "p95_abs": 2.6686893821160357e-08
    },
    "delta_zx_s": {
      "max_abs": 0.0,
      "mean_abs": 0.0,
      "median_abs": 0.0,
      "p95_abs": 0.0
    },
    "delta_zx_d": {
      "max_abs": 0.019423066680905432,
      "mean_abs": 0.005681210228696887,
      "median_abs": 0.00330310329905803,
      "p95_abs": 0.016228234077512723
    },
    "delta_perp_z": {
      "max_abs": 0.031436861302601926,
      "mean_abs": 0.009347480668784769,
      "median_abs": 0.005520265914253031,
      "p95_abs": 0.026330624542364935
    },
    "delta_perp_x": {
      "max_abs": 0.06019982652732736,
      "mean_abs": 0.02512541057408013,
      "median_abs": 0.022902561168368862,
      "p95_abs": 0.05278721522458517
    }
  }
}